Subscription,Status,Snapshot,Error
az-core-nonprod-01,deleted,RH_PATCH_CHG0632803_dgm010af3,
az-core-nonprod-01,deleted,RH_PATCH_CHG0632803_dgm010af1,
az-core-nonprod-01,deleted,RH_PATCH_CHG0632803_dgm010b55,
az-core-nonprod-01,deleted,RH_PATCH_CHG0632803_dgm010ace,
az-core-nonprod-01,deleted,RH_PATCH_CHG0632803_dgm010ae9,
az-core-nonprod-01,deleted,RH_PATCH_CHG0632803_dgm010b70,
az-core-nonprod-01,deleted,RH_PATCH_CHG0632803_dgm010af2,
az-core-nonprod-01,deleted,RH_PATCH_CHG0632803_dgm010af7,
az-core-nonprod-01,deleted,RH_PATCH_CHG0632803_dgm010c41,
az-core-nonprod-01,deleted,RH_PATCH_CHG0632803_dgm010b54,
az-core-nonprod-01,deleted,RH_PATCH_CHG0632803_dgm010c42,
az-core-nonprod-01,deleted,RH_PATCH_CHG0632803_dgm010f1f,
az-core-nonprod-01,deleted,RH_PATCH_CHG0632803_dgm010db3,
az-core-nonprod-01,deleted,RH_PATCH_CHG0632803_dgm010db6,
az-core-nonprod-01,deleted,RH_PATCH_CHG0632803_dgm010eb7,
az-core-nonprod-01,deleted,RH_PATCH_CHG0632803_dgm010f1e,
az-core-nonprod-01,deleted,RH_PATCH_CHG0632803_dgm010f1d,
az-core-nonprod-01,deleted,RH_PATCH_CHG0632803_dgm010db5,
az-core-nonprod-01,deleted,RH_PATCH_CHG0632803_dgm010f44,
az-core-nonprod-01,deleted,RH_PATCH_CHG0632803_dgm0110af,
az-core-nonprod-01,deleted,RH_PATCH_CHG0632803_dgm0110f3,
az-core-nonprod-01,deleted,RH_PATCH_CHG0632803_dgm0111b3,
az-core-nonprod-01,deleted,RH_PATCH_CHG0632803_dgm0111b4,
az-core-nonprod-01,deleted,RH_PATCH_CHG0632803_dgm0110b1,
az-core-nonprod-01,deleted,RH_PATCH_CHG0632803_dgm0110be,
az-core-nonprod-01,deleted,RH_PATCH_CHG0632803_dgm011197,
az-core-nonprod-01,deleted,RH_PATCH_CHG0632803_dgm0112c4,
az-core-nonprod-01,deleted,RH_PATCH_CHG0632803_dgm0112ca,
az-core-nonprod-01,deleted,RH_PATCH_CHG0632803_dgm0112cd,
az-core-nonprod-01,deleted,RH_PATCH_CHG0632803_dgm0112cf,
az-core-nonprod-01,deleted,RH_PATCH_CHG0632803_dgm0112c5,
az-core-nonprod-01,deleted,RH_PATCH_CHG0632803_dgm0112cc,
az-core-nonprod-01,deleted,RH_PATCH_CHG0632803_dgm0112cb,
az-core-nonprod-01,deleted,RH_PATCH_CHG0632803_dgm0112d3,
az-core-nonprod-01,deleted,RH_PATCH_CHG0632803_dgm0112d4,
az-core-nonprod-01,deleted,RH_PATCH_CHG0632803_dgm0112d5,
az-core-nonprod-01,deleted,RH_PATCH_CHG0632803_dgm0112d6,
az-core-nonprod-01,deleted,RH_PATCH_CHG0632803_dgm0112d7,
az-core-nonprod-01,deleted,RH_PATCH_CHG0632803_dgm0112da,
az-core-nonprod-01,deleted,RH_PATCH_CHG0632803_dgm0112d8,
az-core-nonprod-01,deleted,RH_PATCH_CHG0632803_dgm0112d9,
az-core-nonprod-01,deleted,RH_PATCH_CHG0632803_dgm0112db,
az-core-nonprod-01,deleted,RH_PATCH_CHG0632803_dgm0112dc,
az-core-nonprod-01,deleted,RH_PATCH_CHG0632803_dgm0112dd,
az-core-nonprod-01,deleted,RH_PATCH_CHG0632803_dgm0112de,
az-core-nonprod-01,deleted,RH_PATCH_CHG0632803_dgm0112df,
az-core-nonprod-01,deleted,RH_PATCH_CHG0632803_dgm010db4,
az-core-nonprod-01,deleted,RH_PATCH_CHG0632803_dgm0112e0,
az-core-nonprod-01,deleted,RH_PATCH_CHG0632803_dgm011363,
az-core-nonprod-01,deleted,RH_PATCH_CHG0632803_dgm011364,
az-core-nonprod-01,deleted,RH_PATCH_CHG0632803_dgm0114cf,
az-core-nonprod-01,deleted,RH_PATCH_CHG0632803_dgm0114d1,
az-core-nonprod-01,deleted,RH_PATCH_CHG0632803_dgm0114d0,
az-core-nonprod-01,deleted,RH_PATCH_CHG0632803_dgm0114d6,
az-core-nonprod-01,deleted,RH_PATCH_CHG0632803_dgm0114d2,
az-core-nonprod-01,deleted,RH_PATCH_CHG0632803_dgm0114d3,
az-core-nonprod-01,deleted,RH_PATCH_CHG0632803_dgm0114d4,
az-core-nonprod-01,deleted,RH_PATCH_CHG0632803_dgm0114d8,
az-core-nonprod-01,deleted,RH_PATCH_CHG0632803_dgm0114d7,
az-core-nonprod-01,deleted,RH_PATCH_CHG0632803_dgm0114d9,
az-core-nonprod-01,deleted,RH_PATCH_CHG0632803_dgm0114da,
az-core-nonprod-01,deleted,RH_PATCH_CHG0632803_dgm0114db,
az-core-nonprod-01,deleted,RH_PATCH_CHG0632803_dgm011581,
az-core-nonprod-01,deleted,RH_PATCH_CHG0632803_dgm011582,
az-core-nonprod-01,deleted,RH_PATCH_CHG0632803_dgm011583,
az-core-nonprod-01,deleted,RH_PATCH_CHG0632803_dgm0115d3,
az-core-nonprod-01,deleted,RH_PATCH_CHG0632803_dgm011585,
az-core-nonprod-01,deleted,RH_PATCH_CHG0632803_dgm011584,
az-core-nonprod-01,deleted,RH_PATCH_CHG0632803_dgm01161b,
az-core-nonprod-01,deleted,RH_PATCH_CHG0632803_dgm01161c,
az-core-nonprod-01,deleted,RH_PATCH_CHG0632803_dgm01167d,
az-core-nonprod-01,deleted,RH_PATCH_CHG0632803_dgm01161d,
az-core-nonprod-01,deleted,RH_PATCH_CHG0632803_dgm011696,
az-core-nonprod-01,deleted,RH_PATCH_CHG0632803_dgm01169c,
az-core-nonprod-01,deleted,RH_PATCH_CHG0632803_dgm0116a2,
az-core-nonprod-01,deleted,RH_PATCH_CHG0632803_dgm0117ea,
az-core-nonprod-01,deleted,RH_PATCH_CHG0632803_dgm0116c9,
az-core-nonprod-01,deleted,RH_PATCH_CHG0632803_dgm0117eb,
az-core-nonprod-01,deleted,RH_PATCH_CHG0632803_dgm011747,
az-core-nonprod-01,deleted,RH_PATCH_CHG0632803_dgm011748,
az-core-nonprod-01,deleted,RH_PATCH_CHG0632803_dgm011746,
az-core-nonprod-01,deleted,RH_PATCH_CHG0632803_dgm011896,
az-core-nonprod-01,deleted,RH_PATCH_CHG0632803_dgm0118a9,
az-core-nonprod-01,deleted,RH_PATCH_CHG0632803_dgm0118aa,
az-core-nonprod-01,deleted,RH_PATCH_CHG0632803_dgm0118ab,
az-core-nonprod-01,deleted,RH_PATCH_CHG0632803_dgm01194d,
az-core-nonprod-01,deleted,RH_PATCH_CHG0632803_dgm01194c,
az-core-nonprod-01,deleted,RH_PATCH_CHG0632803_dgm0118d7,
az-core-nonprod-01,deleted,RH_PATCH_CHG0632803_dgm011942,
az-core-nonprod-01,deleted,RH_PATCH_CHG0632803_dgm0118ac,
az-core-nonprod-01,deleted,RH_PATCH_CHG0632803_dgm01194f,
az-core-nonprod-01,deleted,RH_PATCH_CHG0632803_dgm01194e,
az-core-nonprod-01,deleted,RH_PATCH_CHG0632803_dgm011951,
az-core-nonprod-01,deleted,RH_PATCH_CHG0632803_dgm011954,
az-core-nonprod-01,deleted,RH_PATCH_CHG0632803_dgm01196b,
az-core-nonprod-01,deleted,RH_PATCH_CHG0632803_dgm01196c,
az-core-nonprod-01,deleted,RH_PATCH_CHG0632803_dgm0119e4,
az-core-nonprod-01,deleted,RH_PATCH_CHG0632803_dgm0119b1,
az-core-nonprod-01,deleted,RH_PATCH_CHG0632803_dgm01196e,
az-core-nonprod-01,deleted,RH_PATCH_CHG0632803_dgm01196d,
az-core-nonprod-01,deleted,RH_PATCH_CHG0632803_dgm011a44,
az-core-nonprod-01,deleted,RH_PATCH_CHG0632803_dgm0119b2,
az-core-nonprod-01,deleted,RH_PATCH_CHG0632803_dgm011a05,
az-core-nonprod-01,deleted,RH_PATCH_CHG0632803_dgm0119e8,
az-core-nonprod-01,deleted,RH_PATCH_CHG0632803_dgm011aaa,
az-core-nonprod-01,deleted,RH_PATCH_CHG0632803_dgm011a61,
az-core-nonprod-01,deleted,RH_PATCH_CHG0632803_dgm011aac,
az-core-nonprod-01,deleted,RH_PATCH_CHG0632803_dgm011aab,
az-core-nonprod-01,deleted,RH_PATCH_CHG0632803_dgm011bcb,
az-core-nonprod-01,deleted,RH_PATCH_CHG0632803_dgm011aa9,
az-core-nonprod-01,deleted,RH_PATCH_CHG0632803_dgm011b3d,
az-core-nonprod-01,deleted,RH_PATCH_CHG0632803_dgv011dcc,
az-core-nonprod-01,deleted,RH_PATCH_CHG0632803_sgm010cc7,
az-core-nonprod-01,deleted,RH_PATCH_CHG0632803_dgv011dcd,
az-core-nonprod-01,deleted,RH_PATCH_CHG0632803_sgm01125c,
az-core-nonprod-01,deleted,RH_PATCH_CHG0632803_zduwdvcoconfdev001,
az-core-nonprod-01,deleted,RH_PATCH_CHG0632803_zsuwdvcoconfstg001,
az-core-nonprod-01,deleted,RH_PATCH_CHG0632803_zduwdvcoconfdev002,
az-entaks-nonprod-02,deleted,RH_PATCH_CHG0632803_dgm010e72,
az-phiapp-nonprod-01,deleted,RH_PATCH_CHG0632803_dgm01117e,
az-entaks-nonprod-01,deleted,RH_PATCH_CHG0632803_dgm011291,
az-entaks-nonprod-01,deleted,RH_PATCH_CHG0632803_dgm0110a0,
az-resibm-nonprod-01,deleted,RH_PATCH_CHG0632803_dgm011831,
az-resibm-nonprod-01,deleted,RH_PATCH_CHG0632803_dgm011a55,
az-resibm-nonprod-01,deleted,RH_PATCH_CHG0632803_dgm011a56,
az-resibm-nonprod-01,deleted,RH_PATCH_CHG0632803_dgm011a5e,
az-resibm-nonprod-01,deleted,RH_PATCH_CHG0632803_dgm011a5f,
az-resibm-nonprod-01,deleted,RH_PATCH_CHG0632803_dgm011a60,
az-entapp-nonprod-01,deleted,RH_PATCH_CHG0632803_dgm01187d,
az-entapp-nonprod-01,deleted,RH_PATCH_CHG0632803_dgm01187e,
az-entapp-nonprod-01,deleted,RH_PATCH_CHG0632803_dgm011a74,
